{"tools": [42.0, 40.0, 36.666666666666664, 36.666666666666664, 36.666666666666664, 36.666666666666664, 38.333333333333336, 38.333333333333336, 33.333333333333336, 35.0, 35.0, 35.0, 35.0, 37.0, 37.0, 37.0, 37.0, 40.666666666666664, 33.5, 33.5, 31.0, 29.0, 29.0, 29.0, 29.0, 29.0, 34.0, 34.0, 32.0, 32.0, 32.0, 24.0, 25.0, 25.0, 25.0, 25.0, 26.75, 26.75, 21.0, 21.0, 24.0, 24.0, 24.0, 24.0, 24.0, 24.0, 23.2, 20.0, 20.0, 20.0, 23.0, 23.0, 23.0, 23.0, 23.0, 23.0, 24.666666666666668, 26.0, 26.0, 26.0, 26.0, 26.0, 25.0, 25.0, 25.0, 25.0, 25.0, 20.5, 20.5, 20.5, 27.0, 27.0, 27.0, 27.0, 27.0, 27.0, 27.0, 27.0, 27.0, 27.0, 27.0, 27.0, 27.0, 27.0, 27.0, 27.0, 27.0, 27.0, 27.0, 20.0, 24.0, 24.0, 24.0, 24.0, 24.0, 24.0, 24.0, 24.0, 24.0, 24.0, 24.0, 24.0, 20.0, 20.0, 20.0, 20.0, 20.0, 20.0, 20.0, 20.0, 20.0, 22.0, 22.0, 22.0, 22.0, 22.0, 22.0, 22.0, 22.0, 22.0, 22.0, 22.0, 22.0, 22.0, 22.0, 22.0, 22.0, 22.0, 22.0, 22.0, 22.0, 22.0, 22.0, 22.0, 22.0, 22.0, 22.0, 22.0, 22.0, 22.0, 22.0, 22.0, 22.0, 22.0, 22.0, 22.0, 22.0, 22.0, 22.0, 22.0], "wood": [8.0, 8.0, 12.0, 12.0, 10.5, 10.5, 10.5, 9.5, 8.0, 8.0, 8.0, 8.0, 7.0, 9.0, 9.0, 9.0, 10.0, 7.0, 7.0, 7.0, 10.0, 8.0, 8.0, 7.0, 8.0, 8.0, 8.0, 8.0, 7.0, 7.0, 7.0, 9.0, 9.0, 9.0, 7.5, 7.5, 7.5, 7.5, 6.0, 5.5, 8.0, 8.0, 5.0, 6.0, 6.0, 6.0, 6.0, 6.0, 5.0, 6.0, 5.0, 5.0, 6.0, 6.0, 6.0, 6.0, 6.0, 6.0, 5.0, 5.0, 5.0, 5.0, 5.0, 4.0, 4.0, 4.0, 4.0, 4.0, 4.0, 5.0, 5.0, 3.0, 3.0, 3.0, 3.0, 3.0, 3.0, 3.0, 3.0, 3.0, 3.0, 3.0, 3.0, 3.0, 3.0, 3.0, 3.0, 3.0, 3.0, 3.0, 3.0, 3.0, 3.0, 3.0, 3.0, 3.0, 3.0, 3.0, 3.0, 3.0, 1.0, 2.0, 2.0, 2.0, 2.0, 2.0, 2.0, 2.0, 2.0, 2.0, 2.0, 2.0, 2.0, 2.0, 2.0, 2.0, 2.0, 2.0, 2.0, 2.0, 2.0, 2.0, 2.0, 2.0, 2.0, 2.0, 2.0, 2.0, 2.0, 2.0, 2.0, 2.0, 2.0, 2.0, 2.0, 2.0, 2.0, 2.0, 2.0, 2.0, 2.0, 2.0, 2.0, 2.0, 2.0, 2.0, 2.0, 2.0, 2.0, 2.0], "fuel": [12.0, 10.333333333333334, 11.666666666666666, 11.0, 9.0, 9.5, 10.0, 10.0, 10.0, 9.333333333333334, 10.0, 10.0, 10.0, 9.0, 9.0, 8.0, 8.0, 8.0, 6.0, 8.0, 8.0, 7.5, 9.0, 8.0, 6.0, 6.0, 6.0, 8.0, 8.0, 9.0, 8.5, 8.0, 7.0, 7.0, 7.0, 7.0, 7.0, 7.0, 5.5, 7.0, 7.0, 7.0, 6.0, 6.0, 6.0, 6.0, 6.0, 5.0, 6.0, 6.0, 6.0, 4.0, 4.0, 4.0, 4.0, 4.0, 4.0, 3.0, 3.0, 3.0, 3.0, 3.0, 3.0, 3.0, 3.0, 3.0, 3.0, 3.0, 2.5, 2.0, 2.0, 4.0, 4.0, 4.0, 4.0, 4.0, 4.0, 2.0, 2.0, 2.0, 2.0, 2.0, 2.0, 2.0, 2.0, 2.0, 2.0, 2.0, 2.0, 2.0, 3.0, 3.0, 3.0, 3.0, 3.0, 3.0, 3.0, 3.0, 2.0, 2.0, 1.0, 1.0, 1.0, 1.0, 2.0, 2.0, 2.0, 2.0, 2.0, 2.0, 2.0, 2.0, 2.0, 2.0, 2.0, 2.0, 2.0, 2.0, 2.0, 2.0, 2.0, 2.0, 2.0, 2.0, 2.0, 2.0, 2.0, 2.0, 2.0, 2.0, 2.0, 2.0, 2.0, 2.0, 2.0, 2.0, 2.0, 2.0, 2.0, 2.0, 2.0, 2.0, 2.0, 2.0, 2.0, 2.0, 2.0, 2.0, 2.0, 2.0], "ore": [11.0, 11.0, 13.0, 13.5, 10.0, 8.75, 9.5, 9.5, 8.0, 8.0, 8.5, 6.333333333333333, 6.333333333333333, 6.333333333333333, 7.0, 6.0, 6.0, 6.0, 6.5, 8.0, 6.0, 7.0, 4.0, 6.0, 8.0, 8.0, 8.0, 7.0, 6.5, 6.0, 6.0, 5.5, 6.5, 4.5, 4.5, 4.5, 4.0, 4.0, 4.0, 4.0, 4.0, 4.666666666666667, 3.0, 5.0, 5.0, 5.0, 5.0, 4.0, 4.666666666666667, 6.0, 4.0, 4.0, 4.0, 4.0, 4.0, 4.0, 2.0, 2.0, 2.0, 4.0, 4.0, 4.0, 2.0, 2.0, 2.0, 2.0, 3.0, 3.0, 3.0, 3.0, 3.0, 3.0, 3.0, 3.0, 3.0, 2.0, 2.0, 2.0, 2.0, 2.0, 2.0, 2.0, 2.0, 2.0, 2.0, 2.0, 2.0, 1.0, 2.0, 2.0, 2.0, 4.0, 4.0, 4.0, 4.0, 4.0, 4.0, 4.0, 2.0, 2.0, 1.0, 2.0, 2.0, 3.0, 3.0, 3.0, 3.0, 2.0, 2.0, 2.0, 2.0, 2.0, 2.0, 2.0, 2.0, 2.0, 2.0, 2.0, 2.0, 2.0, 2.0, 2.0, 2.0, 2.0, 2.0, 2.0, 2.0, 2.0, 2.0, 2.0, 2.0, 2.0, 2.0, 2.0, 2.0, 2.0, 2.0, 2.0, 2.0, 2.0, 2.0, 1.0, 1.0, 1.0, 1.0, 1.0, 1.0, 1.0, 1.0, 1.0], "food": [10.8, 8.6, 8.8, 8.571428571428571, 9.0, 8.0, 8.0, 7.666666666666667, 7.142857142857143, 6.714285714285714, 6.428571428571429, 5.333333333333333, 5.333333333333333, 3.6666666666666665, 3.8, 5.0, 3.5, 5.0, 3.5, 4.333333333333333, 3.0, 4.0, 3.25, 3.5, 2.6666666666666665, 4.0, 3.5, 5.0, 2.5, 2.6, 4.0, 3.2, 2.5, 1.0, 3.5, 2.0, 2.5, 2.5, 3.0, 3.0, 4.0, 4.0, 5.0, 5.0, 2.3333333333333335, 3.0, 3.0, 3.0, 5.0, 5.0, 2.0, 3.0, 1.0, 1.0, 3.0, 3.0, 1.0, 2.0, 2.0, 2.0, 2.0, 2.0, 2.0, 1.0, 2.0, 2.0, 2.0, 2.0, 2.0, 2.0, 2.3333333333333335, 2.0, 2.0, 2.0, 3.0, 1.0, 2.0, 2.0, 2.0, 2.0, 1.0, 1.0, 2.0, 2.0, 2.0, 2.0, 2.0, 2.0, 2.0, 2.0, 2.0, 2.0, 1.0, 3.0, 3.0, 3.0, 3.0, 3.0, 3.0, 2.0, 2.0, 2.0, 3.0, 3.0, 2.0, 3.3333333333333335, 3.3333333333333335, 3.3333333333333335, 3.3333333333333335, 3.3333333333333335, 3.3333333333333335, 3.3333333333333335, 3.3333333333333335, 1.0, 1.0, 1.0, 1.0, 1.0, 1.0, 2.0, 2.0, 2.0, 2.0, 2.0, 1.0, 1.0, 1.0, 1.0, 1.0, 2.0, 2.0, 2.0, 2.0, 2.0, 2.0, 2.0, 2.0, 2.0, 2.0, 2.0, 2.0, 2.0, 2.0, 2.0, 2.0, 2.0, 2.0, 2.0, 2.0, 2.0]}